{
  "name": "CourseObj",
  "base": "PersistedModel",
  "idInjection": false,
  "options": {
    "validateUpsert": true
  },
  "mysql": {
    "schema": "cmsdbv1",
    "table": "course_obj"
  },
  "properties": {
    "coId": {
      "type": "Number",
      "id": true,
      "required": true,
      "length": null,
      "precision": 10,
      "scale": 0,
      "mysql": {
        "columnName": "co_id",
        "dataType": "int",
        "dataLength": null,
        "dataPrecision": 10,
        "dataScale": 0,
        "nullable": "N"
      },
      "_selectable": false
    },
    "coNumber": {
      "type": "String",
      "required": true,
      "length": 10,
      "precision": null,
      "scale": null,
      "mysql": {
        "columnName": "co_number",
        "dataType": "varchar",
        "dataLength": 10,
        "dataPrecision": null,
        "dataScale": null,
        "nullable": "N"
      },
      "_selectable": false
    },
    "coDesc": {
      "type": "String",
      "required": true,
      "length": 120,
      "precision": null,
      "scale": null,
      "mysql": {
        "columnName": "co_desc",
        "dataType": "varchar",
        "dataLength": 120,
        "dataPrecision": null,
        "dataScale": null,
        "nullable": "N"
      },
      "_selectable": false
    }
  },
  "validations": [],
  "relations": {},
  "acls": [],
  "methods": {}
}
