{
  "name": "EmpProfile",
  "base": "PersistedModel",
  "idInjection": false,
  "options": {
    "validateUpsert": true
  },
  "mysql": {
    "schema": "cmsdbv1",
    "table": "emp_profile"
  },
  "properties": {
    "empId": {
      "type": "Number",
      "id": true,
      "required": true,
      "length": null,
      "precision": 10,
      "scale": 0,
      "mysql": {
        "columnName": "emp_id",
        "dataType": "int",
        "dataLength": null,
        "dataPrecision": 10,
        "dataScale": 0,
        "nullable": "N"
      },
      "_selectable": false
    },
    "title": {
      "type": "String",
      "required": false,
      "length": 20,
      "precision": null,
      "scale": null,
      "mysql": {
        "columnName": "title",
        "dataType": "varchar",
        "dataLength": 20,
        "dataPrecision": null,
        "dataScale": null,
        "nullable": "Y"
      },
      "_selectable": true
    },
    "firstName": {
      "type": "String",
      "required": false,
      "length": 45,
      "precision": null,
      "scale": null,
      "mysql": {
        "columnName": "first_name",
        "dataType": "varchar",
        "dataLength": 45,
        "dataPrecision": null,
        "dataScale": null,
        "nullable": "Y"
      },
      "_selectable": true
    },
    "middleName": {
      "type": "String",
      "required": false,
      "length": 45,
      "precision": null,
      "scale": null,
      "mysql": {
        "columnName": "middle_name",
        "dataType": "varchar",
        "dataLength": 45,
        "dataPrecision": null,
        "dataScale": null,
        "nullable": "Y"
      },
      "_selectable": true
    },
    "lastName": {
      "type": "String",
      "required": false,
      "length": 45,
      "precision": null,
      "scale": null,
      "mysql": {
        "columnName": "last_name",
        "dataType": "varchar",
        "dataLength": 45,
        "dataPrecision": null,
        "dataScale": null,
        "nullable": "Y"
      },
      "_selectable": true
    },
    "designationId": {
      "type": "Number",
      "required": false,
      "precision": null,
      "scale": null,
      "mysql": {
        "columnName": "designation_id",
        "dataType": "int",
        "dataLength": null,
        "dataPrecision": null,
        "dataScale": null,
        "nullable": "Y"
      },
      "_selectable": true
    },
    "deptId": {
      "type": "Number",
      "required": true,
      "length": null,
      "precision": 10,
      "scale": 0,
      "mysql": {
        "columnName": "dept_id",
        "dataType": "int",
        "dataLength": null,
        "dataPrecision": 10,
        "dataScale": 0,
        "nullable": "N"
      },
      "_selectable": false
    },
    "doj": {
      "type": "Date",
      "required": false,
      "length": null,
      "precision": null,
      "scale": null,
      "mysql": {
        "columnName": "doj",
        "dataType": "date",
        "dataLength": null,
        "dataPrecision": null,
        "dataScale": null,
        "nullable": "Y"
      },
      "_selectable": true
    },
    "gender": {
      "type": "String",
      "required": false,
      "length": 10,
      "precision": null,
      "scale": null,
      "mysql": {
        "columnName": "gender",
        "dataType": "varchar",
        "dataLength": 10,
        "dataPrecision": null,
        "dataScale": null,
        "nullable": "Y"
      },
      "_selectable": true
    },
    "fatherName": {
      "type": "String",
      "required": false,
      "length": 120,
      "precision": null,
      "scale": null,
      "mysql": {
        "columnName": "father_name",
        "dataType": "varchar",
        "dataLength": 120,
        "dataPrecision": null,
        "dataScale": null,
        "nullable": "Y"
      },
      "_selectable": true
    },
    "address": {
      "type": "String",
      "required": false,
      "length": 250,
      "precision": null,
      "scale": null,
      "mysql": {
        "columnName": "address",
        "dataType": "varchar",
        "dataLength": 250,
        "dataPrecision": null,
        "dataScale": null,
        "nullable": "Y"
      },
      "_selectable": true
    },
    "nationality": {
      "type": "String",
      "required": false,
      "length": 15,
      "precision": null,
      "scale": null,
      "mysql": {
        "columnName": "nationality",
        "dataType": "varchar",
        "dataLength": 15,
        "dataPrecision": null,
        "dataScale": null,
        "nullable": "Y"
      },
      "_selectable": true
    },
    "religion": {
      "type": "String",
      "required": false,
      "length": 10,
      "precision": null,
      "scale": null,
      "mysql": {
        "columnName": "religion",
        "dataType": "varchar",
        "dataLength": 10,
        "dataPrecision": null,
        "dataScale": null,
        "nullable": "Y"
      },
      "_selectable": true
    },
    "category": {
      "type": "String",
      "required": false,
      "length": 10,
      "precision": null,
      "scale": null,
      "mysql": {
        "columnName": "category",
        "dataType": "varchar",
        "dataLength": 10,
        "dataPrecision": null,
        "dataScale": null,
        "nullable": "Y"
      },
      "_selectable": true
    },
    "dob": {
      "type": "Date",
      "required": false,
      "length": null,
      "precision": null,
      "scale": null,
      "mysql": {
        "columnName": "dob",
        "dataType": "date",
        "dataLength": null,
        "dataPrecision": null,
        "dataScale": null,
        "nullable": "Y"
      },
      "_selectable": true
    },
    "bloodGroup": {
      "type": "String",
      "required": false,
      "length": 10,
      "precision": null,
      "scale": null,
      "mysql": {
        "columnName": "blood_group",
        "dataType": "varchar",
        "dataLength": 10,
        "dataPrecision": null,
        "dataScale": null,
        "nullable": "Y"
      },
      "_selectable": true
    },
    "marritalStatus": {
      "type": "String",
      "required": false,
      "length": 10,
      "precision": null,
      "scale": null,
      "mysql": {
        "columnName": "marrital_status",
        "dataType": "varchar",
        "dataLength": 10,
        "dataPrecision": null,
        "dataScale": null,
        "nullable": "Y"
      },
      "_selectable": true
    },
    "isTeaching": {
      "type": "Number",
      "required": false,
      "length": null,
      "precision": 3,
      "scale": 0,
      "mysql": {
        "columnName": "is_teaching",
        "dataType": "tinyint",
        "dataLength": null,
        "dataPrecision": 3,
        "dataScale": 0,
        "nullable": "Y"
      },
      "_selectable": true
    },
    "empCode": {
      "type": "String",
      "required": true,
      "length": 20,
      "precision": null,
      "scale": null,
      "mysql": {
        "columnName": "emp_code",
        "dataType": "varchar",
        "dataLength": 20,
        "dataPrecision": null,
        "dataScale": null,
        "nullable": "N"
      },
      "_selectable": false
    },
    "email": {
      "type": "String",
      "required": true,
      "length": 100,
      "precision": null,
      "scale": null,
      "mysql": {
        "columnName": "email",
        "dataType": "varchar",
        "dataLength": 100,
        "dataPrecision": null,
        "dataScale": null,
        "nullable": "N"
      },
      "_selectable": false
    },
    "contact": {
      "type": "Number",
      "required": false,
      "length": null,
      "precision": 10,
      "scale": 0,
      "mysql": {
        "columnName": "contact",
        "dataType": "int",
        "dataLength": null,
        "dataPrecision": 10,
        "dataScale": 0,
        "nullable": "Y"
      },
      "_selectable": true
    },
    "empPhoto": {
      "type": "String",
      "required": false,
      "length": 250,
      "precision": null,
      "scale": null,
      "mysql": {
        "columnName": "emp_photo",
        "dataType": "varchar",
        "dataLength": 255,
        "dataPrecision": null,
        "dataScale": null,
        "nullable": "Y"
      },
      "_selectable": true
    },
    "panNumber": {
      "type": "String",
      "required": false,
      "length": 15,
      "precision": null,
      "scale": null,
      "mysql": {
        "columnName": "PAN_Number",
        "dataType": "varchar",
        "dataLength": 15,
        "dataPrecision": null,
        "dataScale": null,
        "nullable": "Y"
      },
      "_selectable": true
    },
    "pfNumber": {
      "type": "String",
      "required": false,
      "length": 15,
      "precision": null,
      "scale": null,
      "mysql": {
        "columnName": "PF_Number",
        "dataType": "varchar",
        "dataLength": 15,
        "dataPrecision": null,
        "dataScale": null,
        "nullable": "Y"
      },
      "_selectable": true
    },
    "aadharNumber": {
      "type": "String",
      "required": false,
      "length": 20,
      "precision": null,
      "scale": null,
      "mysql": {
        "columnName": "Aadhar_Number",
        "dataType": "varchar",
        "dataLength": 20,
        "dataPrecision": null,
        "dataScale": null,
        "nullable": "Y"
      },
      "_selectable": true
    },
    "uanNumber": {
      "type": "String",
      "required": false,
      "length": 20,
      "precision": null,
      "scale": null,
      "mysql": {
        "columnName": "UAN_Number",
        "dataType": "varchar",
        "dataLength": 20,
        "dataPrecision": null,
        "dataScale": null,
        "nullable": "Y"
      },
      "_selectable": true
    }
  },
  "validations": [],
  "relations": {
    "empEducationDetails": {
      "type": "hasMany",
      "model": "EmpEducationDetail",
      "foreignKey": "empId",
      "options": {
        "nestRemoting": true
      }
    },
    "proxyInfos": {
      "type": "hasMany",
      "model": "ProxyInfo",
      "foreignKey": "fFacultyid",
      "options": {
        "nestRemoting": true
      }
    },
    "apiTeachings": {
      "type": "hasMany",
      "model": "ApiTeaching",
      "foreignKey": "fEmpId",
      "options": {
        "nestRemoting": true
      }
    },
    "apiObservationHods": {
      "type": "hasMany",
      "model": "ApiObservationHod",
      "foreignKey": "fEmpId",
      "options": {
        "nestRemoting": true
      }
    },
    "apiObservationPrincipals": {
      "type": "hasMany",
      "model": "ApiObservationPrincipal",
      "foreignKey": "fEmpId",
      "options": {
        "nestRemoting": true
      }
    }
  },
  "acls": [],
  "methods": {}
}
