{
  "name": "FacultyPersonalInfo",
  "base": "PersistedModel",
  "idInjection": false,
  "options": {
    "validateUpsert": true
  },
  "mysql": {
    "schema": "cmsdbv1",
    "table": "faculty_personal_info"
  },
  "properties": {
    "facultyId": {
      "type": "Number",
      "id": true,
      "required": true,
      "length": null,
      "precision": 10,
      "scale": 0,
      "mysql": {
        "columnName": "faculty_id",
        "dataType": "int",
        "dataLength": null,
        "dataPrecision": 10,
        "dataScale": 0,
        "nullable": "N"
      },
      "_selectable": false
    },
    "facultyCollegeId": {
      "type": "String",
      "required": false,
      "length": 25,
      "precision": null,
      "scale": null,
      "mysql": {
        "columnName": "faculty_college_id",
        "dataType": "varchar",
        "dataLength": 25,
        "dataPrecision": null,
        "dataScale": null,
        "nullable": "Y"
      },
      "_selectable": true
    },
    "facultyTitle": {
      "type": "String",
      "required": false,
      "length": 15,
      "precision": null,
      "scale": null,
      "mysql": {
        "columnName": "faculty_title",
        "dataType": "varchar",
        "dataLength": 15,
        "dataPrecision": null,
        "dataScale": null,
        "nullable": "Y"
      },
      "_selectable": true
    },
    "facultyFirstName": {
      "type": "String",
      "required": false,
      "length": 45,
      "precision": null,
      "scale": null,
      "mysql": {
        "columnName": "faculty_first_name",
        "dataType": "varchar",
        "dataLength": 45,
        "dataPrecision": null,
        "dataScale": null,
        "nullable": "Y"
      },
      "_selectable": true
    },
    "facultyMiddleName": {
      "type": "String",
      "required": false,
      "length": 45,
      "precision": null,
      "scale": null,
      "mysql": {
        "columnName": "faculty_middle_name",
        "dataType": "varchar",
        "dataLength": 45,
        "dataPrecision": null,
        "dataScale": null,
        "nullable": "Y"
      },
      "_selectable": true
    },
    "facultyLastName": {
      "type": "String",
      "required": false,
      "length": 45,
      "precision": null,
      "scale": null,
      "mysql": {
        "columnName": "faculty_last_name",
        "dataType": "varchar",
        "dataLength": 45,
        "dataPrecision": null,
        "dataScale": null,
        "nullable": "Y"
      },
      "_selectable": true
    },
    "facultyStatus": {
      "type": "String",
      "required": false,
      "length": 15,
      "precision": null,
      "scale": null,
      "mysql": {
        "columnName": "faculty_status",
        "dataType": "varchar",
        "dataLength": 15,
        "dataPrecision": null,
        "dataScale": null,
        "nullable": "Y"
      },
      "_selectable": true
    },
    "facultyDesignation": {
      "type": "String",
      "required": false,
      "length": 20,
      "precision": null,
      "scale": null,
      "mysql": {
        "columnName": "faculty_designation",
        "dataType": "varchar",
        "dataLength": 20,
        "dataPrecision": null,
        "dataScale": null,
        "nullable": "Y"
      },
      "_selectable": true
    },
    "teachingLoadInfoTloadId": {
      "type": "Number",
      "id": true,
      "required": true,
      "length": null,
      "precision": 10,
      "scale": 0,
      "mysql": {
        "columnName": "teaching_load_info_tload_id",
        "dataType": "int",
        "dataLength": null,
        "dataPrecision": 10,
        "dataScale": 0,
        "nullable": "N"
      },
      "_selectable": false
    }
  },
  "validations": [],
  "relations": {},
  "acls": [],
  "methods": {}
}
