{
  "name": "OrganizationInfo",
  "base": "PersistedModel",
  "idInjection": false,
  "options": {
    "validateUpsert": true
  },
  "mysql": {
    "schema": "cmsdbv1",
    "table": "organization_info"
  },
  "properties": {
    "orgId": {
      "type": "Number",
      "id": true,
      "required": true,
      "length": null,
      "precision": 10,
      "scale": 0,
      "mysql": {
        "columnName": "org_id",
        "dataType": "int",
        "dataLength": null,
        "dataPrecision": 10,
        "dataScale": 0,
        "nullable": "N"
      },
      "_selectable": false
    },
    "orgName": {
      "type": "String",
      "required": true,
      "length": 255,
      "precision": null,
      "scale": null,
      "mysql": {
        "columnName": "org_name",
        "dataType": "varchar",
        "dataLength": 255,
        "dataPrecision": null,
        "dataScale": null,
        "nullable": "N"
      },
      "_selectable": false
    },
    "orgAlias": {
      "type": "String",
      "required": false,
      "length": 10,
      "precision": null,
      "scale": null,
      "mysql": {
        "columnName": "org_alias",
        "dataType": "varchar",
        "dataLength": 10,
        "dataPrecision": null,
        "dataScale": null,
        "nullable": "Y"
      },
      "_selectable": true
    },
    "orgAddress": {
      "type": "String",
      "required": false,
      "length": 255,
      "precision": null,
      "scale": null,
      "mysql": {
        "columnName": "org_address",
        "dataType": "varchar",
        "dataLength": 255,
        "dataPrecision": null,
        "dataScale": null,
        "nullable": "Y"
      },
      "_selectable": true
    },
    "orgEmail": {
      "type": "String",
      "required": false,
      "length": 80,
      "precision": null,
      "scale": null,
      "mysql": {
        "columnName": "org_email",
        "dataType": "varchar",
        "dataLength": 80,
        "dataPrecision": null,
        "dataScale": null,
        "nullable": "Y"
      },
      "_selectable": true
    },
    "orgPhone": {
      "type": "String",
      "required": false,
      "length": 25,
      "precision": null,
      "scale": null,
      "mysql": {
        "columnName": "org_phone",
        "dataType": "varchar",
        "dataLength": 25,
        "dataPrecision": null,
        "dataScale": null,
        "nullable": "Y"
      },
      "_selectable": true
    },
    "orgLogo": {
      "type": "Binary",
      "required": false,
      "length": 65535,
      "precision": null,
      "scale": null,
      "mysql": {
        "columnName": "org_logo",
        "dataType": "blob",
        "dataLength": 65535,
        "dataPrecision": null,
        "dataScale": null,
        "nullable": "Y"
      },
      "_selectable": true
    }
  },
  "validations": [],
  "relations": {},
  "acls": [],
  "methods": {}
}
