{
  "name": "StudentBatchInfo",
  "base": "PersistedModel",
  "idInjection": false,
  "options": {
    "validateUpsert": true
  },
  "mysql": {
    "schema": "cmsdbv1",
    "table": "student_batch_info"
  },
  "properties": {
    "batchName": {
      "type": "String",
      "required": false,
      "length": 45,
      "precision": null,
      "scale": null,
      "mysql": {
        "columnName": "batch_name",
        "dataType": "varchar",
        "dataLength": 45,
        "dataPrecision": null,
        "dataScale": null,
        "nullable": "Y"
      },
      "_selectable": true
    },
    "fClassId": {
      "type": "Number",
      "required": false,
      "length": null,
      "precision": 19,
      "scale": 0,
      "mysql": {
        "columnName": "f_class_id",
        "dataType": "bigint",
        "dataLength": null,
        "dataPrecision": 19,
        "dataScale": 0,
        "nullable": "Y"
      },
      "_selectable": true
    },
    "fDeptId": {
      "type": "Number",
      "required": false,
      "length": null,
      "precision": 19,
      "scale": 0,
      "mysql": {
        "columnName": "f_dept_id",
        "dataType": "bigint",
        "dataLength": null,
        "dataPrecision": 19,
        "dataScale": 0,
        "nullable": "Y"
      },
      "_selectable": true
    },
    "batchId": {
      "type": "Number",
      "id": true,
      "required": true,
      "length": null,
      "precision": 10,
      "scale": 0,
      "mysql": {
        "columnName": "batch_id",
        "dataType": "int",
        "dataLength": null,
        "dataPrecision": 10,
        "dataScale": 0,
        "nullable": "N"
      },
      "_selectable": false
    }
  },
  "validations": [],
  "relations": {},
  "acls": [],
  "methods": {}
}
