{
  "name": "TeachingSchemeLoadDetail",
  "base": "PersistedModel",
  "idInjection": false,
  "options": {
    "validateUpsert": true
  },
  "mysql": {
    "schema": "cmsdbv1",
    "table": "teaching_scheme_load_detail"
  },
  "properties": {
    "tsLoadDetailId": {
      "type": "Number",
      "id": true,
      "required": true,
      "length": null,
      "precision": 10,
      "scale": 0,
      "mysql": {
        "columnName": "ts_load_detail_id",
        "dataType": "int",
        "dataLength": null,
        "dataPrecision": 10,
        "dataScale": 0,
        "nullable": "N"
      },
      "_selectable": false
    },
    "tsLoadDetailLoadtype": {
      "type": "String",
      "required": true,
      "length": 20,
      "precision": null,
      "scale": null,
      "mysql": {
        "columnName": "ts_load_detail_loadtype",
        "dataType": "varchar",
        "dataLength": 20,
        "dataPrecision": null,
        "dataScale": null,
        "nullable": "N"
      },
      "_selectable": false
    },
    "tsLoadDeatilHour": {
      "type": "Number",
      "required": true,
      "length": null,
      "precision": 10,
      "scale": 0,
      "mysql": {
        "columnName": "ts_load_deatil_hour",
        "dataType": "int",
        "dataLength": null,
        "dataPrecision": 10,
        "dataScale": 0,
        "nullable": "N"
      },
      "_selectable": false
    },
    "tsLoadDetailDescription": {
      "type": "String",
      "required": false,
      "length": 100,
      "precision": null,
      "scale": null,
      "mysql": {
        "columnName": "ts_load_detail_description",
        "dataType": "varchar",
        "dataLength": 100,
        "dataPrecision": null,
        "dataScale": null,
        "nullable": "Y"
      },
      "_selectable": true
    },
    "subjectInfoSubId": {
      "type": "Number",
      "id": true,
      "required": true,
      "length": null,
      "precision": 10,
      "scale": 0,
      "mysql": {
        "columnName": "subject_info_sub_id",
        "dataType": "int",
        "dataLength": null,
        "dataPrecision": 10,
        "dataScale": 0,
        "nullable": "N"
      },
      "_selectable": false
    }
  },
  "validations": [],
  "relations": {},
  "acls": [],
  "methods": {}
}
